{
  "name": "Copy of JobDella 34",
  "description": "A micro-job and crypto platform where users can post and complete small jobs related to social media to earn JobDella Tokens (JDT). JDT is the native utility token of the ecosystem, with future plans for exchange and trading.",
  "requestFramePermissions": [],
  "importMap": {
    "imports": {
      "firebase/app": "https://aistudiocdn.com/firebase@^12.5.0/app",
      "firebase/auth": "https://aistudiocdn.com/firebase@^12.5.0/auth",
      "firebase/firestore": "https://aistudiocdn.com/firebase@^12.5.0/firestore",
      "firebase/analytics": "https://aistudiocdn.com/firebase@^12.5.0/analytics"
    }
  }
}